repo,login,commits,first_commit,repo_created,days_after_creation,role
astral-sh/uv,charliermarsh,3312,2023-10-04,2023-10-02,2,founding
astral-sh/uv,zanieb,2116,2023-10-31,2023-10-02,29,founding
astral-sh/uv,konstin,1167,2023-10-12,2023-10-02,10,founding
astral-sh/uv,BurntSushi,253,2023-11-07,2023-10-02,36,founding
astral-sh/uv,woodruffw,168,2025-08-01,2023-10-02,669,late_joiner
tokio-rs/tokio,carllerche,649,2016-08-30,2016-09-09,-10,founding
tokio-rs/tokio,Darksonn,648,2020-01-07,2016-09-09,1215,late_joiner
tokio-rs/tokio,alexcrichton,357,2016-07-30,2016-09-09,-41,founding
tokio-rs/tokio,taiki-e,172,2019-01-03,2016-09-09,846,late_joiner
tokio-rs/tokio,ipetkov,125,2016-12-18,2016-09-09,100,founding
ollama/ollama,mxyng,1294,2023-06-27,2023-06-26,1,founding
ollama/ollama,dhiltgen,992,2023-11-08,2023-06-26,135,late_joiner
ollama/ollama,jmorganca,916,2023-06-22,2023-06-26,-4,founding
ollama/ollama,BruceMacD,364,2023-06-23,2023-06-26,-3,founding
ollama/ollama,jessegross,315,2024-08-01,2023-06-26,402,late_joiner
vercel/next.js,ijjk,3296,2018-12-14,2016-10-05,800,late_joiner
vercel/next.js,timneutkens,2867,2016-12-29,2016-10-05,85,founding
vercel/next.js,sokra,2596,2021-01-17,2016-10-05,1565,late_joiner
vercel/next.js,huozhi,1346,2020-05-06,2016-10-05,1309,late_joiner
vercel/next.js,Timer,1239,2019-02-11,2016-10-05,859,late_joiner
pola-rs/polars,ritchie46,6165,2020-05-10,2020-05-13,-3,founding
pola-rs/polars,alexander-beedie,1049,2021-11-22,2020-05-13,558,late_joiner
pola-rs/polars,orlp,896,2023-08-02,2020-05-13,1176,late_joiner
pola-rs/polars,nameexhaustion,891,2023-09-15,2020-05-13,1220,late_joiner
pola-rs/polars,coastalwhite,708,2024-05-14,2020-05-13,1462,late_joiner
denoland/deno,bartlomieju,3263,2018-08-19,2018-05-15,96,founding
denoland/deno,dsherret,1806,2020-04-19,2018-05-15,705,late_joiner
denoland/deno,ry,1434,2018-05-13,2018-05-15,-2,founding
denoland/deno,littledivy,852,2020-07-30,2018-05-15,807,late_joiner
denoland/deno,nayeemrmn,628,2019-07-24,2018-05-15,435,late_joiner
sveltejs/svelte,Rich-Harris,5249,2016-11-15,2016-11-20,-5,founding
sveltejs/svelte,dummdidumm,815,2020-08-12,2016-11-20,1361,late_joiner
sveltejs/svelte,Conduitry,805,2016-12-16,2016-11-20,26,founding
sveltejs/svelte,trueadm,497,2023-11-13,2016-11-20,2549,late_joiner
sveltejs/svelte,tanhauhau,324,2019-10-06,2016-11-20,1050,late_joiner
bevyengine/bevy,cart,1282,2019-11-12,2020-01-18,-67,founding
bevyengine/bevy,mockersf,724,2020-10-07,2020-01-18,263,late_joiner
bevyengine/bevy,ickshonpe,567,2022-06-12,2020-01-18,876,late_joiner
bevyengine/bevy,atlv24,272,2024-01-15,2020-01-18,1458,late_joiner
bevyengine/bevy,alice-i-cecile,250,2021-01-30,2020-01-18,378,late_joiner
huggingface/transformers,ydshieh,1552,2021-03-30,2018-10-29,883,late_joiner
huggingface/transformers,thomwolf,1384,2018-10-29,2018-10-29,0,founding
huggingface/transformers,sgugger,1250,2020-06-01,2018-10-29,581,late_joiner
huggingface/transformers,LysandreJik,1100,2019-07-02,2018-10-29,246,late_joiner
huggingface/transformers,patrickvonplaten,793,2019-12-06,2018-10-29,403,late_joiner
zed-industries/zed,as-cii,4443,2021-03-22,2021-02-20,30,founding
zed-industries/zed,maxbrunsfeld,3593,2021-03-28,2021-02-20,36,founding
zed-industries/zed,maxdeviant,2895,2023-09-21,2021-02-20,943,late_joiner
zed-industries/zed,mikayla-maki,2156,2022-06-30,2021-02-20,495,late_joiner
zed-industries/zed,ConradIrwin,2068,2023-06-21,2021-02-20,851,late_joiner
rust-lang/rust-analyzer,matklad,5441,2017-12-21,2017-12-21,0,founding
rust-lang/rust-analyzer,Veykril,4550,2020-07-13,2017-12-21,935,late_joiner
rust-lang/rust-analyzer,ChayimFriedman2,1531,2021-04-18,2017-12-21,1214,late_joiner
rust-lang/rust-analyzer,lnicola,1506,2019-02-03,2017-12-21,409,late_joiner
tauri-apps/tauri,lucasfernog,2235,2019-07-14,2019-07-13,1,founding
tauri-apps/tauri,amrbashir,572,2020-09-24,2019-07-13,439,late_joiner
tauri-apps/tauri,Legend-Master,280,2024-03-11,2019-07-13,1703,late_joiner
tauri-apps/tauri,FabianLars,270,2021-07-12,2019-07-13,730,late_joiner
tauri-apps/tauri,jbolda,127,2019-11-02,2019-07-13,112,founding
biomejs/biome,ematipico,2061,2020-05-18,2023-07-27,-1165,founding
biomejs/biome,Conaclos,764,2021-07-16,2023-07-27,-741,founding
biomejs/biome,sebmck,657,2020-02-27,2023-07-27,-1246,founding
biomejs/biome,dyc3,573,2024-05-03,2023-07-27,281,late_joiner
biomejs/biome,MichaReiser,418,2021-08-10,2023-07-27,-716,founding
oven-sh/bun,Jarred-Sumner,8611,2021-04-17,2021-04-14,3,founding
oven-sh/bun,dylan-conway,1163,2022-08-27,2021-04-14,500,late_joiner
oven-sh/bun,nektro,704,2023-11-09,2021-04-14,939,late_joiner
oven-sh/bun,cirospaciari,529,2022-10-30,2021-04-14,564,late_joiner
vitejs/vite,yyx990803,1922,2020-04-20,2020-04-21,-1,founding
vitejs/vite,sapphi-red,1887,2020-09-01,2020-04-21,133,late_joiner
vitejs/vite,patak-cat,1010,2021-01-02,2020-04-21,256,late_joiner
vitejs/vite,bluwy,602,2021-08-31,2020-04-21,497,late_joiner
vitejs/vite,antfu,208,2020-08-28,2020-04-21,129,late_joiner
withastro/astro,matthewp,2117,2021-03-15,2021-03-15,0,founding
withastro/astro,ematipico,1192,2023-02-22,2021-03-15,709,late_joiner
withastro/astro,FredKSchott,1084,2021-03-21,2021-03-15,6,founding
withastro/astro,Princesseuh,989,2022-01-12,2021-03-15,303,late_joiner
withastro/astro,natemoo-re,848,2021-03-25,2021-03-15,10,founding
remix-run/react-router,brophdawg11,2102,2022-02-22,2014-05-16,2839,late_joiner
remix-run/react-router,mjackson,1955,2014-05-23,2014-05-16,7,founding
remix-run/react-router,ryanflorence,1284,2014-05-09,2014-05-16,-7,founding
remix-run/react-router,chaance,418,2020-02-22,2014-05-16,2108,late_joiner
remix-run/react-router,pcattori,406,2022-03-07,2014-05-16,2852,late_joiner
supabase/supabase,joshenlim,4939,2020-11-27,2019-10-12,412,late_joiner
supabase/supabase,kiwicopple,3419,2019-10-12,2019-10-12,0,founding
supabase/supabase,MildTomato,2942,2020-11-13,2019-10-12,398,late_joiner
supabase/supabase,saltcod,2504,2022-04-11,2019-10-12,912,late_joiner
supabase/supabase,alaister,1361,2022-03-22,2019-10-12,892,late_joiner
pydantic/pydantic,samuelcolvin,1170,2017-05-03,2017-05-03,0,founding
pydantic/pydantic,Viicos,690,2023-05-08,2017-05-03,2196,late_joiner
pydantic/pydantic,sydney-runkle,453,2023-09-05,2017-05-03,2316,late_joiner
pydantic/pydantic,dmontagu,356,2019-05-16,2017-05-03,743,late_joiner
pydantic/pydantic,davidhewitt,320,2022-05-11,2017-05-03,1834,late_joiner
langchain-ai/langchain,baskaryan,1398,2022-11-27,2022-10-17,41,founding
langchain-ai/langchain,hwchase17,1235,2022-10-24,2022-10-17,7,founding
langchain-ai/langchain,ccurme,1147,2023-12-22,2022-10-17,431,late_joiner
langchain-ai/langchain,mdrxy,953,2025-05-22,2022-10-17,948,late_joiner
langchain-ai/langchain,eyurtsev,762,2022-11-12,2022-10-17,26,founding
helix-editor/helix,archseer,1431,2020-05-20,2020-06-01,-12,founding
helix-editor/helix,the-mikedavis,769,2021-10-16,2020-06-01,502,late_joiner
helix-editor/helix,pascalkuthe,201,2022-09-19,2020-06-01,840,late_joiner
helix-editor/helix,sudormrfbin,163,2021-06-14,2020-06-01,378,late_joiner
helix-editor/helix,dsseng,162,2021-07-30,2020-06-01,424,late_joiner
neovim/neovim,zeertzjq,7068,2021-03-30,2014-01-31,2615,late_joiner
neovim/neovim,justinmk,4975,2014-03-28,2014-01-31,56,founding
neovim/neovim,janlazo,2750,2017-10-04,2014-01-31,1342,late_joiner
neovim/neovim,bfredl,2454,2014-07-02,2014-01-31,152,late_joiner
neovim/neovim,clason,1626,2021-09-20,2014-01-31,2789,late_joiner
prometheus/prometheus,fabxc,1681,2015-01-31,2012-11-24,798,late_joiner
prometheus/prometheus,juliusv,1614,2013-01-04,2012-11-24,41,founding
prometheus/prometheus,beorn7,1069,2014-11-28,2012-11-24,734,late_joiner
prometheus/prometheus,bboreham,994,2017-09-11,2012-11-24,1752,late_joiner
prometheus/prometheus,roidelapluie,631,2017-10-31,2012-11-24,1802,late_joiner
duckdb/duckdb,Mytherin,26609,2018-07-13,2018-06-26,17,founding
duckdb/duckdb,Tishj,7389,2022-04-19,2018-06-26,1393,late_joiner
duckdb/duckdb,pdet,5353,2018-08-09,2018-06-26,44,founding
duckdb/duckdb,hannes,3603,2018-07-23,2018-06-26,27,founding
duckdb/duckdb,carlopi,2509,2023-01-09,2018-06-26,1658,late_joiner
apache/arrow-rs,tustvold,936,2020-04-24,2021-04-17,-358,founding
apache/arrow-rs,alamb,749,2020-06-15,2021-04-17,-306,founding
apache/arrow-rs,kou,399,2017-03-17,2021-04-17,-1492,founding
apache/arrow-rs,wesm,371,2016-02-17,2021-04-17,-1886,founding
apache/arrow-rs,kszucs,327,2018-04-28,2021-04-17,-1085,founding
ggml-org/llama.cpp,ggerganov,1985,2023-03-10,2023-03-10,0,founding
ggml-org/llama.cpp,ngxson,607,2024-01-18,2023-03-10,314,late_joiner
ggml-org/llama.cpp,JohannesGaessler,395,2023-04-28,2023-03-10,49,founding
ggml-org/llama.cpp,CISC,364,2024-03-27,2023-03-10,383,late_joiner
ggml-org/llama.cpp,slaren,362,2023-03-19,2023-03-10,9,founding
vllm-project/vllm,DarkLight1337,918,2024-04-12,2023-02-09,428,late_joiner
vllm-project/vllm,WoosukKwon,860,2023-02-09,2023-02-09,0,founding
vllm-project/vllm,mgoin,631,2024-03-07,2023-02-09,392,late_joiner
vllm-project/vllm,hmellor,583,2024-01-22,2023-02-09,347,late_joiner
vllm-project/vllm,njhill,502,2024-01-21,2023-02-09,346,late_joiner
vuejs/core,yyx990803,3576,2018-09-19,2018-06-12,99,founding
vuejs/core,edison1105,367,2019-10-15,2018-06-12,490,late_joiner
vuejs/core,sxzz,110,2021-12-06,2018-06-12,1273,late_joiner
vuejs/core,HcySunYang,91,2019-10-12,2018-06-12,487,late_joiner
vuejs/core,pikax,83,2019-10-05,2018-06-12,480,late_joiner
nushell/nushell,sophiajt,1453,2019-06-03,2019-05-10,24,founding
nushell/nushell,fdncred,1243,2020-04-30,2019-05-10,356,late_joiner
nushell/nushell,sholderbach,517,2021-06-07,2019-05-10,759,late_joiner
nushell/nushell,andrasio,387,2019-07-14,2019-05-10,65,founding
nushell/nushell,WindSoilder,336,2022-05-06,2019-05-10,1092,late_joiner
pnpm/pnpm,zkochan,10391,2016-07-06,2016-01-28,160,late_joiner
pnpm/pnpm,KSXGitHub,362,2023-07-11,2016-01-28,2721,late_joiner
pnpm/pnpm,rstacruz,348,2016-01-27,2016-01-28,-1,founding
pnpm/pnpm,anonrig,173,2023-07-12,2016-01-28,2722,late_joiner
pnpm/pnpm,btea,169,2023-05-07,2016-01-28,2656,late_joiner
