login,role,as_of,ext_prs,ext_prs_12mo,ext_repos,ext_orgs
woodruffw,late_joiner,2024-08-01,2055,579,25,12
Darksonn,late_joiner,2019-01-07,2,0,2,2
taiki-e,late_joiner,2018-01-03,0,0,0,0
dhiltgen,late_joiner,2022-11-08,154,12,10,7
jessegross,late_joiner,2023-08-01,3,0,2,1
ijjk,late_joiner,2017-12-14,2,1,2,2
sokra,late_joiner,2020-01-17,984,251,11,2
huozhi,late_joiner,2019-05-06,3,1,3,3
Timer,late_joiner,2018-02-11,88,75,14,12
alexander-beedie,late_joiner,2020-11-22,3,0,3,3
orlp,late_joiner,2022-08-02,44,10,21,18
nameexhaustion,late_joiner,2022-09-15,0,0,0,0
coastalwhite,late_joiner,2023-05-14,19,9,10,9
littledivy,late_joiner,2019-07-30,9,10,3,3
nayeemrmn,late_joiner,2018-07-24,0,0,0,0
dummdidumm,late_joiner,2019-08-12,8,4,1,1
trueadm,late_joiner,2022-11-13,1336,379,1,1
tanhauhau,late_joiner,2018-10-06,45,16,17,15
mockersf,late_joiner,2019-10-07,25,13,15,11
ickshonpe,late_joiner,2021-06-12,0,0,0,0
atlv24,late_joiner,2023-01-15,154,6,10,8
alice-i-cecile,late_joiner,2020-01-30,0,0,0,0
ydshieh,late_joiner,2020-03-30,0,0,0,0
sgugger,late_joiner,2019-06-01,45,23,6,4
LysandreJik,late_joiner,2018-07-02,0,0,0,0
patrickvonplaten,late_joiner,2018-12-06,1,0,1,1
maxdeviant,late_joiner,2022-09-21,288,103,27,15
mikayla-maki,late_joiner,2021-06-30,14,0,2,2
ConradIrwin,late_joiner,2022-06-21,153,0,47,28
ewdurbin,control,2025-07-20,1278,265,16,8
terror,control,2024-10-01,358,48,7,7
zaharidichev,control,2018-01-24,5,5,3,1
udoprog,control,2018-08-19,175,60,16,14
vorot93,control,2018-11-27,218,176,14,4
Marwes,control,2017-05-03,142,122,14,11
remy415,control,2023-03-25,0,0,0,0
danemadsen,control,2022-11-14,39,39,1,1
gabe-l-hart,control,2023-10-17,175,90,6,2
MarkWard0110,control,2023-04-28,0,0,0,0
huv1k,control,2018-05-05,30,27,7,7
atcastle,control,2018-08-08,57,0,4,2
Schniz,control,2021-01-10,74,8,40,37
javivelasco,control,2020-07-21,125,4,10,4
rishabhpoddar,control,2020-02-15,2,2,2,1
matamatanot,control,2019-03-13,0,0,0,0
dav-is,control,2017-12-13,11,5,7,7
Kikobeats,control,2018-02-27,255,111,38,31
matteosantama,control,2021-08-01,8,4,4,4
carnarez,control,2020-09-25,0,0,0,0
itamarst,control,2022-11-17,1116,92,12,11
borchero,control,2022-03-20,14,12,5,4
cmdlineluser,control,2022-07-23,0,0,0,0
henryharbeck,control,2023-01-07,0,0,0,0
r-brink,control,2022-12-26,19,5,5,4
eitsupi,control,2022-07-01,226,197,17,11
cknight,control,2019-01-30,0,0,0,0
bnoordhuis,control,2019-01-26,637,68,16,7
uki00a,control,2019-01-04,0,0,0,0
disizali,control,2019-04-06,0,0,0,0
zekth,control,2018-03-02,1,1,1,1
axetroy,control,2018-03-11,22,16,17,14
DreaminDani,control,2019-10-01,12,2,7,6
geoffrich,control,2019-11-16,6,3,3,2
adiguba,control,2022-02-27,0,0,0,0
ngtr6788,control,2022-02-22,2,2,1,1
mindrones,control,2018-04-06,0,0,0,0
pngwn,control,2018-04-26,1,0,1,1
DJMcNab,control,2019-08-24,50,43,10,9
mnmaita,control,2020-03-10,1,1,1,1
ChristopherBiscardi,control,2021-07-16,163,20,31,27
Shatur,control,2020-12-15,143,109,33,27
stepancheg,control,2022-10-28,500,19,22,19
BenjaminBrienen,control,2023-09-16,2,1,2,2
TheRawMeatball,control,2019-12-28,0,0,0,0
BoxyUwU,control,2019-08-30,1,0,1,1
michaelbenayoun,control,2020-04-29,0,0,0,0
lewtun,control,2019-12-15,8,8,3,2
kashif,control,2018-12-26,130,27,44,39
erenup,control,2018-08-11,0,0,0,0
lukovnikov,control,2017-11-06,4,0,4,4
joeddav,control,2019-02-13,5,3,3,2
JetRunner,control,2019-02-10,4,2,4,4
philschmid,control,2019-09-08,8,8,1,1
vitallium,control,2023-05-10,95,0,13,12
apricotbucket28,control,2023-02-22,0,0,0,0
sonufrienko,control,2022-05-29,26,0,3,3
WeetHet,control,2023-03-04,9,1,4,4
Kalmaegi,control,2023-01-30,40,27,14,14
