repo,login,commits,first_commit,repo_created,days_after_creation,role,matched_to
astral-sh/uv,clementyan,0,2025-08-01,2023-10-02,,random,woodruffw
tokio-rs/tokio,Leftbower,0,2020-01-07,2016-09-09,,random,Darksonn
tokio-rs/tokio,nanivtalent,0,2019-01-03,2016-09-09,,random,taiki-e
ollama/ollama,kattetg,0,2023-11-08,2023-06-26,,random,dhiltgen
ollama/ollama,joshvorves,0,2024-08-01,2023-06-26,,random,jessegross
vercel/next.js,william-eyre,0,2018-12-14,2016-10-05,,random,ijjk
vercel/next.js,Jsericks,0,2021-01-17,2016-10-05,,random,sokra
vercel/next.js,swirth429,0,2020-05-06,2016-10-05,,random,huozhi
vercel/next.js,kvudata,0,2019-02-11,2016-10-05,,random,Timer
pola-rs/polars,guruhtml,0,2021-11-22,2020-05-13,,random,alexander-beedie
pola-rs/polars,paulcitarella,0,2023-08-02,2020-05-13,,random,orlp
pola-rs/polars,elham3oltani,0,2023-09-15,2020-05-13,,random,nameexhaustion
pola-rs/polars,rowlandrudolf,0,2024-05-14,2020-05-13,,random,coastalwhite
denoland/deno,ayyappann,0,2020-04-19,2018-05-15,,random,dsherret
denoland/deno,MulhamNayal,0,2020-07-30,2018-05-15,,random,littledivy
denoland/deno,Liangruoye,0,2019-07-24,2018-05-15,,random,nayeemrmn
sveltejs/svelte,iso-can,0,2020-08-12,2016-11-20,,random,dummdidumm
sveltejs/svelte,patrickporto,0,2023-11-13,2016-11-20,,random,trueadm
sveltejs/svelte,Ctacus,0,2019-10-06,2016-11-20,,random,tanhauhau
bevyengine/bevy,stephen-moyer,0,2020-10-07,2020-01-18,,random,mockersf
bevyengine/bevy,DivanoLee,0,2022-06-12,2020-01-18,,random,ickshonpe
bevyengine/bevy,haboudja,0,2024-01-15,2020-01-18,,random,atlv24
bevyengine/bevy,josh23941,0,2021-01-30,2020-01-18,,random,alice-i-cecile
huggingface/transformers,foodneutrino,0,2021-03-30,2018-10-29,,random,ydshieh
huggingface/transformers,jhollinger22,0,2020-06-01,2018-10-29,,random,sgugger
huggingface/transformers,rootskj,0,2019-07-02,2018-10-29,,random,LysandreJik
huggingface/transformers,quanjuntian,0,2019-12-06,2018-10-29,,random,patrickvonplaten
zed-industries/zed,Horki,0,2023-09-21,2021-02-20,,random,maxdeviant
zed-industries/zed,internetgrind,0,2022-06-30,2021-02-20,,random,mikayla-maki
zed-industries/zed,PabloNicolasDiaz,0,2023-06-21,2021-02-20,,random,ConradIrwin
rust-lang/rust-analyzer,robinvd995,0,2020-07-13,2017-12-21,,random,Veykril
rust-lang/rust-analyzer,midopirate,0,2021-04-18,2017-12-21,,random,ChayimFriedman2
rust-lang/rust-analyzer,nukeforum,0,2019-02-03,2017-12-21,,random,lnicola
tauri-apps/tauri,lisenlin1174,0,2020-09-24,2019-07-13,,random,amrbashir
tauri-apps/tauri,VivekVSingh28,0,2024-03-11,2019-07-13,,random,Legend-Master
tauri-apps/tauri,junyangwei,0,2021-07-12,2019-07-13,,random,FabianLars
biomejs/biome,hubercinux,0,2024-05-03,2023-07-27,,random,dyc3
oven-sh/bun,kozlojak,0,2022-08-27,2021-04-14,,random,dylan-conway
oven-sh/bun,2329697501,0,2023-11-09,2021-04-14,,random,nektro
oven-sh/bun,smallbull,0,2022-10-30,2021-04-14,,random,cirospaciari
vitejs/vite,pakopaki,0,2020-09-01,2020-04-21,,random,sapphi-red
vitejs/vite,martinpotter,0,2021-01-02,2020-04-21,,random,patak-cat
vitejs/vite,venkateshan6543,0,2021-08-31,2020-04-21,,random,bluwy
vitejs/vite,drupalika,0,2020-08-28,2020-04-21,,random,antfu
withastro/astro,rooboy35,0,2023-02-22,2021-03-15,,random,ematipico
withastro/astro,arochat,0,2022-01-12,2021-03-15,,random,Princesseuh
remix-run/react-router,peeusste,0,2022-02-22,2014-05-16,,random,brophdawg11
remix-run/react-router,terryngo,0,2020-02-22,2014-05-16,,random,chaance
remix-run/react-router,xueenda,0,2022-03-07,2014-05-16,,random,pcattori
supabase/supabase,oesain,0,2020-11-27,2019-10-12,,random,joshenlim
supabase/supabase,cicciomaltese,0,2020-11-13,2019-10-12,,random,MildTomato
supabase/supabase,JasLin,0,2022-04-11,2019-10-12,,random,saltcod
supabase/supabase,nirobcste,0,2022-03-22,2019-10-12,,random,alaister
pydantic/pydantic,NeeChin,0,2023-05-08,2017-05-03,,random,Viicos
pydantic/pydantic,BrightEru,0,2023-09-05,2017-05-03,,random,sydney-runkle
pydantic/pydantic,stfurkan,0,2019-05-16,2017-05-03,,random,dmontagu
pydantic/pydantic,fpp,0,2022-05-11,2017-05-03,,random,davidhewitt
langchain-ai/langchain,sulrich423,0,2023-12-22,2022-10-17,,random,ccurme
langchain-ai/langchain,MadhaviHaresha26,0,2025-05-22,2022-10-17,,random,mdrxy
helix-editor/helix,Vip4pt,0,2021-10-16,2020-06-01,,random,the-mikedavis
helix-editor/helix,jackgkk,0,2022-09-19,2020-06-01,,random,pascalkuthe
helix-editor/helix,weeeeibin,0,2021-06-14,2020-06-01,,random,sudormrfbin
helix-editor/helix,SamAct,0,2021-07-30,2020-06-01,,random,dsseng
neovim/neovim,bologabogdan,0,2021-03-30,2014-01-31,,random,zeertzjq
neovim/neovim,samSpark,0,2017-10-04,2014-01-31,,random,janlazo
neovim/neovim,Matenant,0,2014-07-02,2014-01-31,,random,bfredl
neovim/neovim,Grease253,0,2021-09-20,2014-01-31,,random,clason
prometheus/prometheus,r670615769,0,2015-01-31,2012-11-24,,random,fabxc
prometheus/prometheus,cmdaniel,0,2014-11-28,2012-11-24,,random,beorn7
prometheus/prometheus,jdk9,0,2017-09-11,2012-11-24,,random,bboreham
prometheus/prometheus,pla,0,2017-10-31,2012-11-24,,random,roidelapluie
duckdb/duckdb,juancarlosfield,0,2022-04-19,2018-06-26,,random,Tishj
duckdb/duckdb,cschnidr,0,2023-01-09,2018-06-26,,random,carlopi
ggml-org/llama.cpp,menyiyi,0,2024-01-18,2023-03-10,,random,ngxson
ggml-org/llama.cpp,123formbuilder,0,2024-03-27,2023-03-10,,random,CISC
vllm-project/vllm,developer1371,0,2024-04-12,2023-02-09,,random,DarkLight1337
vllm-project/vllm,AbhijeetKhairnar-REISysIn,0,2024-03-07,2023-02-09,,random,mgoin
vllm-project/vllm,JasonHaenlin,0,2024-01-22,2023-02-09,,random,hmellor
vllm-project/vllm,walidhassan,0,2024-01-21,2023-02-09,,random,njhill
vuejs/core,brbrady,0,2019-10-15,2018-06-12,,random,edison1105
vuejs/core,connectamit,0,2021-12-06,2018-06-12,,random,sxzz
vuejs/core,daniel9528,0,2019-10-12,2018-06-12,,random,HcySunYang
vuejs/core,alejandrogarciasalas,0,2019-10-05,2018-06-12,,random,pikax
nushell/nushell,sshwarts,0,2020-04-30,2019-05-10,,random,fdncred
nushell/nushell,dluwtw,0,2021-06-07,2019-05-10,,random,sholderbach
nushell/nushell,cielolabsbr,0,2022-05-06,2019-05-10,,random,WindSoilder
pnpm/pnpm,zeekindustries,0,2016-07-06,2016-01-28,,random,zkochan
pnpm/pnpm,sophat2015,0,2023-07-11,2016-01-28,,random,KSXGitHub
pnpm/pnpm,iter8,0,2023-07-12,2016-01-28,,random,anonrig
pnpm/pnpm,hamid1985,0,2023-05-07,2016-01-28,,random,btea
