repo,login,role,as_of,overall,confidence,technical,trajectory,darkSignal,influence,commits_12mo,commits_prev12mo,merged_prs,reviews,original_repos
astral-sh/uv,ewdurbin,control,2025-07-20,56.9,0.93,57.3,63.1,60.2,35,1746,1447,1296,1736,13
astral-sh/uv,terror,control,2024-10-01,54.6,0.93,57.4,52.7,60.7,35,316,1222,478,212,76
tokio-rs/tokio,zaharidichev,control,2018-01-24,43.3,0.93,39.3,74.7,35.6,11.8,126,21,5,5,14
tokio-rs/tokio,udoprog,control,2018-08-19,63,0.93,61.7,76.9,65.4,32.7,2103,1292,176,138,87
tokio-rs/tokio,vorot93,control,2018-11-27,59.9,0.93,58.6,71.5,62,35,463,261,218,230,48
tokio-rs/tokio,Marwes,control,2017-05-03,55.3,0.93,56.5,61.8,59.9,27.1,1408,2271,168,48,15
ollama/ollama,remy415,control,2023-03-25,22.8,0.86,16.8,60.5,9,0,7,0,0,0,2
ollama/ollama,danemadsen,control,2022-11-14,41.6,0.86,38,74,36.6,0,298,0,39,0,1
ollama/ollama,gabe-l-hart,control,2023-10-17,52.2,0.93,51.4,62.4,51.8,35,788,459,175,451,4
ollama/ollama,MarkWard0110,control,2023-04-28,5.9,0.43,0,25,0,0,0,0,0,0,0
vercel/next.js,huv1k,control,2018-05-05,41.1,0.93,39.6,58.3,38.4,18.3,238,127,30,3,3
vercel/next.js,atcastle,control,2018-08-08,20,0.65,14.2,38.3,15.1,12.8,0,0,57,0,0
vercel/next.js,Schniz,control,2021-01-10,57.5,0.93,58.3,64.6,61.7,30.1,422,457,252,89,49
vercel/next.js,javivelasco,control,2020-07-21,41.8,0.93,46.6,34.4,46,31.8,38,3524,128,99,14
vercel/next.js,rishabhpoddar,control,2020-02-15,33,0.72,22.7,73.1,24.8,4.6,998,0,2,0,0
vercel/next.js,matamatanot,control,2019-03-13,28.1,0.86,20.9,70.1,14.3,0,26,0,1,0,1
vercel/next.js,dav-is,control,2017-12-13,27.5,0.79,26.4,43.8,19.6,17.9,0,0,15,14,6
vercel/next.js,Kikobeats,control,2018-02-27,62.9,0.93,61.9,77.8,66,28.4,5409,3953,273,64,97
pola-rs/polars,matteosantama,control,2021-08-01,11.1,0.79,13.6,6.7,12.5,9.1,5,231,8,3,0
pola-rs/polars,carnarez,control,2020-09-25,5.9,0.43,0,25,0,0,0,0,0,0,0
pola-rs/polars,itamarst,control,2022-11-17,54,0.93,57,52.2,59.5,35,700,3081,1295,210,19
pola-rs/polars,borchero,control,2022-03-20,42.2,0.93,43.3,55.6,39.7,18.7,168,226,14,15,11
pola-rs/polars,cmdlineluser,control,2022-07-23,23.8,0.86,16.7,65.3,8.8,0,13,0,0,0,1
pola-rs/polars,henryharbeck,control,2023-01-07,5.9,0.43,0,25,0,0,0,0,0,0,0
pola-rs/polars,r-brink,control,2022-12-26,32.7,0.86,28.8,59.5,23.9,12.8,9,0,19,6,2
pola-rs/polars,eitsupi,control,2022-07-01,56.8,0.93,52.1,82.3,53.3,28.5,1410,242,294,58,3
denoland/deno,cknight,control,2019-01-30,5.9,0.43,0,25,0,0,0,0,0,0,0
denoland/deno,bnoordhuis,control,2019-01-26,61.7,0.93,61.8,69.6,66,35,20696,31993,637,1656,56
denoland/deno,uki00a,control,2019-01-04,32,0.86,23.6,78.6,17.6,0,61,0,0,0,3
denoland/deno,disizali,control,2019-04-06,18,0.86,13.3,50.1,5.1,0,3,0,0,0,1
denoland/deno,zekth,control,2018-03-02,12.6,0.72,5.4,40.1,4.2,0,2,0,1,0,0
denoland/deno,axetroy,control,2018-03-11,62.6,0.93,58.2,92,62.9,16.4,5328,1018,103,9,96
sveltejs/svelte,DreaminDani,control,2019-10-01,50.5,0.86,43.7,87.3,43,15.8,195,0,24,8,12
sveltejs/svelte,geoffrich,control,2019-11-16,27.6,0.93,32,31.1,27.7,7.3,57,235,6,2,4
sveltejs/svelte,adiguba,control,2022-02-27,5.9,0.43,0,25,0,0,0,0,0,0,0
sveltejs/svelte,ngtr6788,control,2022-02-22,34.2,0.86,27.5,75.2,23,0,31,0,3,0,4
sveltejs/svelte,mindrones,control,2018-04-06,16,0.93,18.3,24.8,12.6,0,5,18,0,0,6
sveltejs/svelte,pngwn,control,2018-04-26,7.6,0.65,2.4,26.4,2,0,0,0,1,0,0
bevyengine/bevy,DJMcNab,control,2019-08-24,44.9,0.79,35.6,76.3,39.5,23.5,9598,769,50,34,0
bevyengine/bevy,mnmaita,control,2020-03-10,26.6,0.86,20.9,63.3,14.6,0,6,0,1,0,4
bevyengine/bevy,ChristopherBiscardi,control,2021-07-16,57,0.93,60,54.9,63.9,35,822,1851,252,173,69
bevyengine/bevy,Shatur,control,2020-12-15,56,0.93,55.1,69.8,57.8,26.6,2180,1429,157,52,10
bevyengine/bevy,stepancheg,control,2022-10-28,62.3,0.93,60.8,75.9,65.1,32.4,5624,4288,542,113,34
bevyengine/bevy,BenjaminBrienen,control,2023-09-16,35.9,0.93,32.4,64,25.1,16.9,21,3,2,5,11
bevyengine/bevy,TheRawMeatball,control,2019-12-28,5.9,0.43,0,25,0,0,0,0,0,0,0
bevyengine/bevy,BoxyUwU,control,2019-08-30,27,0.93,23.7,57.1,17.7,0,73,29,1,0,1
huggingface/transformers,michaelbenayoun,control,2020-04-29,5.9,0.43,0,25,0,0,0,0,0,0,0
huggingface/transformers,lewtun,control,2019-12-15,40.4,0.86,33.8,79.4,29.8,9.1,168,0,8,3,2
huggingface/transformers,kashif,control,2018-12-26,51.2,0.93,53.4,57.5,56.6,18.3,1159,2460,132,11,11
huggingface/transformers,erenup,control,2018-08-11,5.9,0.43,0,25,0,0,0,0,0,0,0
huggingface/transformers,lukovnikov,control,2017-11-06,32.9,0.93,35.8,44.3,33.5,0,388,984,5,0,4
huggingface/transformers,joeddav,control,2019-02-13,25.6,0.93,32.2,21.7,26,12.8,13,193,7,5,7
huggingface/transformers,JetRunner,control,2019-02-10,27.1,0.93,29.7,38.3,26,0,32,152,4,0,6
huggingface/transformers,philschmid,control,2019-09-08,36.6,0.86,31.9,71.5,29.1,0,10,0,8,0,14
zed-industries/zed,vitallium,control,2023-05-10,51.3,0.93,49,65.5,50.3,32.7,494,298,104,20,7
zed-industries/zed,apricotbucket28,control,2023-02-22,5.9,0.43,0,25,0,0,0,0,0,0,0
zed-industries/zed,sonufrienko,control,2022-05-29,47.9,0.93,49.7,52.8,52.1,22.4,85,171,82,3,50
zed-industries/zed,WeetHet,control,2023-03-04,8.3,0.79,10,8.6,9.2,0,1,29,9,0,0
zed-industries/zed,Kalmaegi,control,2023-01-30,53.1,0.93,50.5,82.1,47.2,17.9,8182,747,40,13,4
